Petric,TURBO2,2-1
Pepsi,Jagged,2-1
Blackheart,Tagada,2-1
Blodir,Nexus,1-2
Petric,Jagged,3-2
Blackheart,Nexus,3-1
Petric,Blackheart,4-3
Jagged,Nexus,1-4
Nexus,Death_Squad,2-0
Thomas,Petric,1-2
Nexus,Petric,0-2
Death_Squad,Thomas,0-2
Nexus,Thomas,2-1
Pepsi,Isen,2-0
Tagada,keyser,2-1
Pepsi,Tagada,2-1
Isen,keyser,1-2
Tagada,keyser,2-1
Zlo,TURBO2,2-1
Blodir,Farms,2-1
Zlo,Blodir,0-2
TURBO2,Farms,2-0
Zlo,TURBO2,0-2
Turin,Blackheart,1-2
Adjux,Jagged,2-1
Blackheart,Adjux,2-0
Turin,Jagged,1-2
Adjux,Jagged,1-1
Petric,Pepsi,3-1
Blackheart,Farms,3-1
Nexus,Paralon,3-0
Tagada,Jagged,3-1
Petric,Blackheart,3-2
Nexus,Tagada,2-3
Petric,Tagada,1-4
Blackheart,Nexus,3-2
Jagged,TURBO2,2-0
Smith,Petric,0-2
Petric,Jagged,2-0
TURBO2,Smith,2-0
Smith,Jagged,0-2
TURBO2,Petric,0-2
Farms,BlinChlk,2-1
Zlo,Nexus,1-2
Nexus,Farms,2-1
BlinChlk,Zlo,2-1
Zlo,Farms,1-2
BlinChlk,Nexus,1-2
Paralon,Hybrid,2-0
Arch,Blackheart,0-2
Blackheart,Paralon,2-0
Hybrid,Arch,0-2
Arch,Paralon,1-2
Hybrid,Blackheart,0-2
Turin,Pepsi,0-2
NarNerdPower,Tagada,0-2
Tagada,Turin,2-1
Pepsi,NarNerdPower,2-0
NarNerdPower,Turin,2-0
Pepsi,Tagada,0-2
Petric,Turin,3-1
Nexus,Yudi,3-0
Tagada,Pepsi,3-0
TURBO2,BlinChlk,3-2
Petric,Nexus,0-3
Tagada,TURBO2,2-3
Nexus,TURBO2,4-0
Petric,Jagged,2-0
Ryfun,Petric,0-2
Jagged,BlinChlk,0-2
BlinChlk,Ryfun,2-0
BlinChlk,Petric,0-2
Paralon,Yudi,0-2
Blast,Tagada,0-2
Tagada,Paralon,2-0
Yudi,Blast,2-0
Blast,Paralon,2-0
Yudi,Tagada,0-2
Pepsi,Thomas,2-0
Kot,Nexus,0-2
Nexus,Pepsi,2-0
Thomas,Kot,2-0
Kot,Pepsi,0-2
Thomas,Nexus,0-2
Turin,TURBO2,0-2
WoundedElk,Arch,2-0
Arch,Turin,1-2
TURBO2,WoundedElk,2-0
WoundedElk,Turin,0-2
TURBO2,Arch,2-1
Tagada,Petric,3-0
Jagged,BlinChlk,2-0
Blodir,Tagada,0-2
Tagada,Jagged,2-0
BlinChlk,Blodir,0-2
Blodir,Jagged,0-2
BlinChlk,Tagada,0-2
Turin,Paralon,0-2
Arch,Nexus,0-2
Nexus,Turin,2-0
Paralon,Arch,2-0
Arch,Turin,2-0
Paralon,Nexus,0-2
Blast,Pepsi,1-2
Petric,Zlo,2-0
Zlo,Blast,2-1
Petric,Blast,2-1
Pepsi,Zlo,2-0
Pepsi,Petric,2-1
Blackheart,Bully,2-0
Swkoll,TURBO2,0-2
TURBO2,Blackheart,2-1
Bully,Swkoll,1-2
Swkoll,Blackheart,0-2
Bully,TURBO2,0-2
Tagada,Blackheart,1-3
Pepsi,Paralon,3-2
Nexus,Petric,3-0
TURBO2,Jagged,3-1
Blackheart,Pepsi,3-0
Nexus,TURBO2,3-0
Pepsi,TURBO2,4-2
Petric,Bennis,2-0
WoundedElk,Blast,2-0
Nexus,Box,2-0
Jagged,Arch,1-2
Blodir,Bloodoath,1-0
Swkoll,BlinChlk,2-0
Pepsi,Eternal,2-0
Tex,Raider,2-0
Petric,WoundedElk,2-0
Nexus,Arch,2-0
Blodir,Swkoll,2-0
Pepsi,Tex,0-2
Petric,Nexus,0-2
Blodir,Tex,2-1
Nexus,Blodir,1-2
Petric,Tex,0-1
